{
  "last_update": "Sat Feb 21 22:30:41 2026",
  "indices": {
    "^DJI": {
      "name": "^DJI",
      "ticker": "^DJI",
      "price": 49625.96875,
      "change": 302.96875,
      "percent": 0.6142545060113943,
      "timestamp": "Sat Feb 21 22:30:41 2026"
    },
    "^IXIC": {
      "name": "^IXIC",
      "ticker": "^IXIC",
      "price": 22886.0703125,
      "change": 343.791015625,
      "percent": 1.525094295467536,
      "timestamp": "Sat Feb 21 22:30:41 2026"
    },
    "^GSPC": {
      "name": "^GSPC",
      "ticker": "^GSPC",
      "price": 6909.509765625,
      "change": 66.25,
      "percent": 0.9681058774472715,
      "timestamp": "Sat Feb 21 22:30:41 2026"
    },
    "^FTSE": {
      "name": "^FTSE",
      "ticker": "^FTSE",
      "price": 10686.900390625,
      "change": 59.900390625,
      "percent": 0.5636622812176532,
      "timestamp": "Sat Feb 21 22:30:41 2026"
    },
    "^GDAXI": {
      "name": "^GDAXI",
      "ticker": "^GDAXI",
      "price": 25260.689453125,
      "change": 190.689453125,
      "percent": 0.760628053948943,
      "timestamp": "Sat Feb 21 22:30:41 2026"
    },
    "^FCHI": {
      "name": "^FCHI",
      "ticker": "^FCHI",
      "price": 8515.490234375,
      "change": 73.310546875,
      "percent": 0.8683841091838878,
      "timestamp": "Sat Feb 21 22:30:41 2026"
    },
    "^N225": {
      "name": "^N225",
      "ticker": "^N225",
      "price": 56825.69921875,
      "change": -154.0390625,
      "percent": -0.270340066743846,
      "timestamp": "Sat Feb 21 22:30:41 2026"
    },
    "^HSI": {
      "name": "^HSI",
      "ticker": "^HSI",
      "price": 26413.349609375,
      "change": -244.490234375,
      "percent": -0.9171419582683156,
      "timestamp": "Sat Feb 21 22:30:41 2026"
    },
    "^AXJO": {
      "name": "^AXJO",
      "ticker": "^AXJO",
      "price": 9081.400390625,
      "change": -4.7998046875,
      "percent": -0.05282521388837747,
      "timestamp": "Sat Feb 21 22:30:41 2026"
    },
    "^GSPTSE": {
      "name": "^GSPTSE",
      "ticker": "^GSPTSE",
      "price": 33817.5,
      "change": 248.80078125,
      "percent": 0.741168967044844,
      "timestamp": "Sat Feb 21 22:30:41 2026"
    },
    "^NSEI": {
      "name": "^NSEI",
      "ticker": "^NSEI",
      "price": 25571.25,
      "change": 164.69921875,
      "percent": 0.6482549330212419,
      "timestamp": "Sat Feb 21 22:30:41 2026"
    },
    "^BSESN": {
      "name": "^BSESN",
      "ticker": "^BSESN",
      "price": 82814.7109375,
      "change": 542.21875,
      "percent": 0.6590522975337576,
      "timestamp": "Sat Feb 21 22:30:41 2026"
    },
    "000001.SS": {
      "name": "000001.SS",
      "ticker": "000001.SS",
      "price": NaN,
      "change": NaN,
      "percent": NaN,
      "timestamp": "Sat Feb 21 22:30:41 2026"
    }
  },
  "quotes": {}
}